"Timestamp","Username","Name","Email","Whatsapp Number"
"2021/11/17 11:36:34 am GMT+5:30","ayushichahare2002@gmail.com","Ayushi Chahare","ayushichahare2002@gmail.com","7219844548"
"2021/11/17 11:36:42 am GMT+5:30","hardeekrk@gmail.com","Hardeek Rajesh khadilkar","hardeekrk@gmail.com ","9028629099 "
"2021/11/17 11:36:58 am GMT+5:30","dhamangetejas@gmail.com","Tejas dhamange","dhamangetejas@gmail.com","9359159456"
"2021/11/17 11:37:01 am GMT+5:30","sahilchaudhari2405@gmail.com","Sahil chaudhari ","Sahilchaudhari2405@gmail.com ","9373576380"
"2021/11/17 11:37:10 am GMT+5:30","dikshitatota69@gmail.com","Dikshita Narayan Tota","dikshitatota69@gmail.com","7387855448"
"2021/11/17 11:38:06 am GMT+5:30","lovelysingeras297@gmail.com","Lovely Sharma","lovelysingeras297@gmail.com","8766418907"
"2021/11/17 11:38:08 am GMT+5:30","snehap28499@gmail.com","Snehal pochampalliwar","Snehap28499@gmail.com","9373637051"
"2021/11/17 11:38:11 am GMT+5:30","krishnasamrit425@gmail.com","Krishna gajanan samrit","Krishnasamrit425@gmail.com","9049005236"
"2021/11/17 11:38:23 am GMT+5:30","bhutetanu@gmail.com","Tanvi subhash bhute","bhutetanu@gmail.com","9156147531"
"2021/11/17 11:38:28 am GMT+5:30","amanbhalerao11@gmail.com","Aman Bhalerao","amanbhalerao11@gmail.com","9370098955"
"2021/11/17 11:38:52 am GMT+5:30","ritikgupta4362@gmail.com","Pratik Gupta","ritikgupta4362@gmail.com","7499747836"
"2021/11/17 11:40:28 am GMT+5:30","ashwiniyelane4@gmail.com","Ashwini Murlidhar Yelane","ashwiniyelane4@gmail.com","9518760486"
"2021/11/17 11:40:47 am GMT+5:30","salomiraut24@gmail.com","Salomi Raut","salomiraut24@gmail.com","7378853271"
"2021/11/17 11:40:51 am GMT+5:30","riteshzode143@gmail.com","Ritesh Zode","riteshzode143@gmail.com","9373758698"
"2021/11/17 11:40:57 am GMT+5:30","shubhangisatghare0706@gmail.com","Shubhangi Dinkar Satghare","shubhangisatghare0706@gmail.com","7887487582"
"2021/11/17 11:41:49 am GMT+5:30","rohitghate78692@gmail.com","Rohit Ghate","rohitghate78692@gmail.com","9373770723"
"2021/11/17 11:42:13 am GMT+5:30","muthushayamlan@gmail.com","E Muthu Shayamalan ","muthushayamlan@gmail.com ","8080379150"
"2021/11/17 11:42:45 am GMT+5:30","prerana1432@gmail.com","Prerana yadav ","prerana1432@gmail.com","9175608929"
"2021/11/17 11:43:14 am GMT+5:30","zpiyanshu@gmail.com","Piyanshu Zade","zpiyanshu@gmail.com","8421365581"
"2021/11/17 11:44:12 am GMT+5:30","ayushbutle123@gmail.com","Ayush Rakesh Butle ","ayushbutle123@gmail.com","8767746973"
"2021/11/17 11:44:18 am GMT+5:30","kolhedrup13@gmail.com","Drup rajeshwar kolhe","Kolhedrup13@gmail.com","9970188269"
"2021/11/17 11:47:20 am GMT+5:30","lileshrocking@gmail.com","Lilesh Bawane","lileshrocking@gmail.com","9325926559"
"2021/11/17 11:50:09 am GMT+5:30","vikaspandit663@gmail.com","Vikas Gajanan Pandit","vikaspandit663@gmail.com","9673778681"
"2021/11/17 11:52:01 am GMT+5:30","sweetykannake@gmail.com","Sweety jayprakash kannake","Sweetykannake@gmail.com","9022236159"
"2021/11/17 11:53:12 am GMT+5:30","abhaymallick2002@gmail.com","Abhay Mallick","abhaymallick2002@gmail.com","8421822204"
"2021/11/17 12:00:35 pm GMT+5:30","amishameshramiam265@gmail.com","Amisha Dhanraj Meshram ","amishameshram265@gmail.com","7391959581"
"2021/11/17 12:00:37 pm GMT+5:30","dhodarekajal6@gmail.com","Kajal Mahendra dhodare","dhodarekajal6@gmail.com","8010437452"
"2021/11/17 12:08:37 pm GMT+5:30","payalwaghare9@gmail.com","Madhuri vishwanath waghare","Payalwaghare9@gmail.com","7620001686"
"2021/11/17 12:12:08 pm GMT+5:30","abhaychintamwar85@gmail.com","Abhay Madhukar Chintamwar","abhaychintamwar85@gmail.com","7775095270"
"2021/11/17 12:25:31 pm GMT+5:30","skashidhanorkar@gmail.com","Sakshi  Anil. Dhanorkar","Skashidhanorkar@gmail.com","9325865435"
"2021/11/17 1:09:05 pm GMT+5:30","punambhoyar3@gmail.com","Punam prabhakar bhoyar","punambhoyar3@gmail.com","7038481720"
"2021/11/17 1:15:09 pm GMT+5:30","madavipurva128@gmail.com","Purva Shankar Madavi","madavipurva128@gmail.com","9823120787"
"2021/11/17 1:42:27 pm GMT+5:30","rushikeshupare4321@gmail.com","Rushikesh upare","rushikeshupare4321@gmail.com","9767383751"
"2021/11/17 2:32:25 pm GMT+5:30","wadaskarswati9@gmail.com","Swati Baba wadaskar","wadaskarswati9@gmail.com","8767895268"
"2021/11/17 2:44:35 pm GMT+5:30","ishikawaghamare2001@gmail.com","Ishika rajendra waghmare","ishikawaghamare2001@gmail.com","9359973479"
"2021/11/17 7:09:31 pm GMT+5:30","anuragkundojwar72@gmail.com","Anurag Kundojwar","anuragkundojwar72@gmail.com","7995456306"
"2021/11/18 7:36:40 am GMT+5:30","mandaredipali0@gmail.com","Dipali Gajanan Mandare ","Mandaredipali0@gmail.com ","83291 54923 "
"2021/11/18 2:07:59 pm GMT+5:30","bhumikaguda8@gmail.com","Bhumika Raju Guda","bhumikaguda8@gmail.com","7498177658"